<?xml version="1.0" encoding="UTF-8"?>
<!DOCTYPE mapper PUBLIC "-//mybatis.org//DTD Mapper 3.0//EN" "http://mybatis.org/dtd/mybatis-3-mapper.dtd">
<mapper namespace="com.nuc.dao.AppointmentInfoDao">

  <resultMap id="BaseResultMap" type="com.nuc.model.AppointmentInfo">
    <id column="appointment_id" jdbcType="VARCHAR" property="appointmentId" />
    <result column="appointment_collage" jdbcType="VARCHAR" property="appointmentCollage" />
    <result column="appointment_class_id" jdbcType="VARCHAR" property="appointmentClassId" />
    <result column="user_id" jdbcType="INTEGER" property="userId" />
    <result column="appointment_total" jdbcType="INTEGER" property="appointmentTotal" />
    <result column="appointment_date" jdbcType="VARCHAR" property="appointmentDate" />
    <result column="status" jdbcType="VARCHAR" property="status" />
  </resultMap>
  
  <sql id="Base_Column_List">
    appointment_id, appointment_collage, appointment_class_id, user_id, appointment_total, 
    appointment_date, status
  </sql>
  
  <select id="selectByPrimaryKey" parameterType="java.lang.String" resultMap="BaseResultMap">
    select 
    <include refid="Base_Column_List" />
    from tb_appointment
    where appointment_id = #{appointmentId,jdbcType=VARCHAR}
  </select>
  
  	<select id="selectAppointment" parameterType="Map" resultMap="BaseResultMap">
		select
		<include refid="Base_Column_List" />
		from tb_appointment
		<where>
			<if test="userId != null">
	           AND user_id = #{userId}
	        </if>
	        <if test="appointmentCollage != null">
	           AND appointment_collage = #{appointmentCollage}
	        </if>
	        <if test="appointmentClassId != null">
	           AND appointment_class_id = #{appointmentClassId}
	        </if>
	        <if test="status != null">
	           AND status = #{status}
	        </if>
	    </where>
		<if test="start != null and size != null">
			limit #{start} ,#{size}
		</if>
	</select>
	
	<select id="getTotal" parameterType="Map"  resultType="Long">
          SELECT COUNT(*) FROM tb_appointment
          <where>
			<if test="userId != null">
	           AND user_id = #{userId}
	        </if>
	        <if test="appointmentCollage != null">
	           AND appointment_collage = #{appointmentCollage}
	        </if>
	        <if test="appointmentClassId != null">
	           AND appointment_class_id = #{appointmentClassId}
	        </if>
	        <if test="status != null">
	           AND status = #{status}
	        </if>
	    </where>
    </select>
    
    <select id="getAppointmentNum" parameterType="java.lang.String" resultType="java.lang.String">
    	select user_id userId from tb_user_appointment where appointment_id = #{appointmentId}
    </select>
    
    <select id="getAppointmentNumByUserId" parameterType="java.lang.Integer" resultType="java.lang.String">
    	select appointment_id from tb_user_appointment where user_id = #{userId}
    </select>
  
  <delete id="deleteByPrimaryKey" parameterType="java.lang.String">
    delete from tb_appointment
    where appointment_id = #{appointmentId,jdbcType=VARCHAR}
  </delete>
  
  <insert id="insert" parameterType="com.nuc.model.AppointmentInfo">
    insert into tb_appointment (appointment_id, appointment_collage, 
      appointment_class_id, user_id, appointment_total, 
      appointment_date, status)
    values (#{appointmentId,jdbcType=VARCHAR}, #{appointmentCollage,jdbcType=VARCHAR}, 
      #{appointmentClassId,jdbcType=VARCHAR}, #{userId,jdbcType=INTEGER}, #{appointmentTotal,jdbcType=INTEGER}, 
      #{appointmentDate,jdbcType=VARCHAR}, #{status,jdbcType=VARCHAR})
  </insert>
  
  <insert id="addUserAppointment" parameterType="Map">
    insert into tb_user_appointment (uuid, appointment_id, user_id)
    values (#{uuid}, #{appointmentId}, #{userId})
  </insert>
  
  <delete id="delUserAppointment" parameterType="Map">
    delete from tb_user_appointment where appointment_id = #{appointmentId} and user_id=#{userId}
  </delete>
  
  <insert id="insertSelective" parameterType="com.nuc.model.AppointmentInfo">
    insert into tb_appointment
    <trim prefix="(" suffix=")" suffixOverrides=",">
      <if test="appointmentId != null">
        appointment_id,
      </if>
      <if test="appointmentCollage != null">
        appointment_collage,
      </if>
      <if test="appointmentClassId != null">
        appointment_class_id,
      </if>
      <if test="userId != null">
        user_id,
      </if>
      <if test="appointmentTotal != null">
        appointment_total,
      </if>
      <if test="appointmentDate != null">
        appointment_date,
      </if>
      <if test="status != null">
        status,
      </if>
    </trim>
    <trim prefix="values (" suffix=")" suffixOverrides=",">
      <if test="appointmentId != null">
        #{appointmentId,jdbcType=VARCHAR},
      </if>
      <if test="appointmentCollage != null">
        #{appointmentCollage,jdbcType=VARCHAR},
      </if>
      <if test="appointmentClassId != null">
        #{appointmentClassId,jdbcType=VARCHAR},
      </if>
      <if test="userId != null">
        #{userId,jdbcType=INTEGER},
      </if>
      <if test="appointmentTotal != null">
        #{appointmentTotal,jdbcType=INTEGER},
      </if>
      <if test="appointmentDate != null">
        #{appointmentDate,jdbcType=VARCHAR},
      </if>
      <if test="status != null">
        #{status,jdbcType=VARCHAR},
      </if>
    </trim>
  </insert>
  <update id="updateByPrimaryKeySelective" parameterType="com.nuc.model.AppointmentInfo">
    update tb_appointment
    <set>
      <if test="appointmentCollage != null">
        appointment_collage = #{appointmentCollage,jdbcType=VARCHAR},
      </if>
      <if test="appointmentClassId != null">
        appointment_class_id = #{appointmentClassId,jdbcType=VARCHAR},
      </if>
      <if test="userId != null">
        user_id = #{userId,jdbcType=INTEGER},
      </if>
      <if test="appointmentTotal != null">
        appointment_total = #{appointmentTotal,jdbcType=INTEGER},
      </if>
      <if test="appointmentDate != null">
        appointment_date = #{appointmentDate,jdbcType=VARCHAR},
      </if>
      <if test="status != null">
        status = #{status,jdbcType=VARCHAR},
      </if>
    </set>
    where appointment_id = #{appointmentId,jdbcType=VARCHAR}
  </update>
  <update id="updateByPrimaryKey" parameterType="com.nuc.model.AppointmentInfo">
    update tb_appointment
    set appointment_collage = #{appointmentCollage,jdbcType=VARCHAR},
      appointment_class_id = #{appointmentClassId,jdbcType=VARCHAR},
      user_id = #{userId,jdbcType=INTEGER},
      appointment_total = #{appointmentTotal,jdbcType=INTEGER},
      appointment_date = #{appointmentDate,jdbcType=VARCHAR},
      status = #{status,jdbcType=VARCHAR}
    where appointment_id = #{appointmentId,jdbcType=VARCHAR}
  </update>
</mapper>