<?xml version="1.0" encoding="UTF-8" ?>
<!DOCTYPE mapper PUBLIC "-//mybatis.org//DTD Mapper 3.0//EN"
        "http://mybatis.org/dtd/mybatis-3-mapper.dtd">
<mapper namespace="com.nuc.dao.FunctionDao">

    <resultMap type="com.nuc.model.FunctionEntity" id="FunctionResult">
        <result property="funId" column="fun_id"/>
        <result property="funName" column="fun_name"/>
        <result property="funUrl" column="fun_url"/>
        <result property="funDesc" column="fun_desc"/>
    </resultMap>

	<!-- desc 查询资源信息 -->
    <select id="selectFunction" parameterType="java.util.Map" resultMap="FunctionResult">
        select fun_id, fun_name, fun_url, fun_desc from tb_function 
        <where>
        	<if test="funId != null and funId != 0">
        		and fun_id = #{funId}
        	</if>
        	<if test="funName != null and funName != ''">
        		and fun_Name = #{funName}
        	</if>
        </where>
        <if test="start!=null and size !=null">
			limit #{start} , #{size}
      	</if>
    </select>
    
	<!-- desc 查询资源记录条数 -->
    <select id="getTotal" parameterType="java.util.Map" resultType="Long">
        select count(*) from tb_function 
        <where>
        	<if test="funId != null and funId != 0">
        		and fun_id = #{funId}
        	</if>
        	<if test="funName != null and funName != ''">
        		and fun_Name = #{funName}
        	</if>
        </where>
        <if test="start!=null and size !=null">
			limit #{start} , #{size}
      	</if>
    </select>
    
	<!-- desc 添加资源信息 -->
    <insert id="insertFunction" parameterType="com.nuc.model.FunctionEntity">
        insert into tb_function(fun_id, fun_name, fun_url, fun_desc) values(null, #{funName}, #{funUrl}, #{funDesc})
    </insert>

	<!-- desc 修改资源信息 -->
    <update id="updateFunction" parameterType="com.nuc.model.FunctionEntity">
        update tb_function
        <set>
            <if test="funName != null and funName != '' ">
                fun_name = #{funName},
            </if>
            <if test="funUrl !=null and funUrl != '' ">
                fun_url = #{funUrl},
            </if>
            <if test="funDesc != null and funDesc != '' ">
                fun_desc = #{funDesc},
            </if>
        </set>
        where fun_id = #{funId}
    </update>

	<!-- desc 删除资源信息 -->
    <delete id="deleteFunction" parameterType="Integer">
        delete from tb_function where fun_id = #{funId}
    </delete>

</mapper>