<?xml version="1.0" encoding="UTF-8" ?>
<!DOCTYPE mapper PUBLIC "-//mybatis.org//DTD Mapper 3.0//EN"
        "http://mybatis.org/dtd/mybatis-3-mapper.dtd">
<mapper namespace="com.nuc.dao.MemberShipDao">
    <resultMap type="com.nuc.model.MemberShipEntity" id="MemberShipResult">
        <association property="userEntity" column="user_id" select="com.nuc.dao.UserDao.findById"/>
        <association property="roleEntity" column="role_id" select="com.nuc.dao.RoleDao.findById"/>
    </resultMap>

	<!-- desc 分角色登录校验 -->
    <select id="login" parameterType="Map" resultMap="MemberShipResult">
        SELECT ur.user_id AS user_id ,ur.role_id AS role_id 
        FROM tb_user AS u,tb_role AS r,tb_user_role AS ur 
        WHERE u.user_id=ur.user_id AND r.role_id=ur.role_id AND u.username=#{username} 
        AND u.password=#{password} AND r.role_id=#{roleId};
    </select>

	
	<!-- desc 删除用户的所有权限 -->
    <delete id="deletAllRoleById" parameterType="String">
        delete from tb_user_role where user_id = #{userId};
    </delete>

	<!-- desc 分配用户角色 -->
    <insert id="add" parameterType="com.nuc.model.MemberShipEntity">
        insert into tb_user_role(id, user_id, role_id) 
        values(null, #{userEntity.userId},#{roleEntity.roleId})
    </insert>
    
    <select id="getMemberShipEntityByUserid" parameterType="String" resultMap="MemberShipResult">
    	SELECT ur.user_id AS user_id ,ur.role_id AS role_id 
        FROM tb_user AS u,tb_role AS r,tb_user_role AS ur 
        WHERE u.user_id=ur.user_id AND r.role_id=ur.role_id AND u.user_id=#{userId}
    </select>

</mapper>