<?xml version="1.0" encoding="UTF-8" ?>
<!DOCTYPE mapper PUBLIC "-//mybatis.org//DTD Mapper 3.0//EN"
        "http://mybatis.org/dtd/mybatis-3-mapper.dtd">
<mapper namespace="com.nuc.dao.RoleDao">

    <resultMap type="com.nuc.model.RoleEntity" id="RoleResult">
        <result property="roleId" column="role_id"/>
        <result property="roleName" column="role_name"/>
        <result property="roleDesc" column="role_desc"/>
    </resultMap>
    
    <!-- 分页查询角色信息 -->
    <select id="findByPage" parameterType="Map" resultMap="RoleResult">
      SELECT role_id, role_name, role_desc FROM  tb_role
      <if test="start!=null and size !=null">
          limit #{start} , #{size}
      </if>
    </select>
    
    <!-- 通过ID查询角色信息 -->
    <select id="findById" parameterType="String" resultMap="RoleResult">
    	SELECT role_id, role_name, role_desc FROM  tb_role where role_id=#{roleId}
    </select>
    
    <!-- desc 通过用户ID查询角色信息 -->
    <select id="findByUserId" parameterType="Integer" resultMap="RoleResult">
    	SELECT tr.role_id AS role_id, role_name, role_desc 
    	FROM tb_role AS tr, tb_user_role AS tur
    	WHERE tr.role_id = tur.role_id AND user_id = #{userId}
    </select>
    
    <!-- 通过角色名来查询角色信息 -->
    <select id="findByRoleName" parameterType="String" resultMap="RoleResult">
    	SELECT role_id, role_name, role_desc FROM  tb_role where role_name=#{roleName}
    </select>
    
    <!-- 查询角色记录条数 -->
    <select id="getTotal" parameterType="Map" resultType="Long">
    	SELECT count(*) FROM  tb_role 
    </select>

	<!-- 添加角色信息 -->
	<insert id="addRole" parameterType="com.nuc.model.RoleEntity">
		insert into tb_role(role_id, role_name, role_desc) values(null, #{roleName}, #{roleDesc})
	</insert>
	
	<!-- 修改角色信息 -->
	<update id="updateRole" parameterType="com.nuc.model.RoleEntity">
		update tb_role  
		<set>
			<if test="roleName != null and roleName != '' ">
				role_name = #{roleName},
			</if>
			<if test="roleDesc != null and roleDesc != '' ">
				role_desc = #{roleDesc},
			</if>
		</set>
		where role_id = #{roleId}
	</update>
	
	<!-- 删除角色 -->
	<delete id="deleteRole" parameterType="String">
		delete from tb_role where role_id = #{id}
	</delete>
	
</mapper>