<?xml version="1.0" encoding="UTF-8" ?>
<!DOCTYPE mapper PUBLIC "-//mybatis.org//DTD Mapper 3.0//EN"
        "http://mybatis.org/dtd/mybatis-3-mapper.dtd">
<mapper namespace="com.nuc.dao.UserDao">
    <resultMap type="com.nuc.model.UserEntity" id="UserResult">
        <result property="userId" column="user_id"/>
        <result property="username" column="username"/>
        <result property="password" column="password"/>
        <result property="realName" column="real_name"/>
        <result property="sex" column="sex"/>
        <result property="cardId" column="card_id"/>
        <result property="collage" column="collage"/>
        <result property="major" column="major"/>
        <result property="classId" column="class_id"/>
        <result property="address" column="address"/>
        <result property="email" column="email"/>
    </resultMap>

	<!-- 通过用户ID查询用户信息 -->
    <select id="findById" parameterType="String" resultMap="UserResult">
        select user_id, username, password, real_name, sex, card_id, collage, major, class_id, address, email from tb_user where user_id=#{id}
    </select>
    
	<!-- 通过用户username查询用户信息 -->
    <select id="findByUsername" parameterType="String" resultMap="UserResult">
        select user_id, username, password, real_name, sex, card_id, collage, major, class_id, address, email from tb_user where username=#{username}
    </select>

    <!--  like是mybaits一种特殊的机制它会智能选择-->
    <select id="find" parameterType="Map" resultMap="UserResult">
        SELECT user_id, username, password, real_name, sex, card_id, collage, major, class_id, address, email from tb_user
        <where>
            <if test="username != null and username != 0">
               AND username = #{username}
            </if>
            <if test="realName != null and realName != ''">
               AND real_name like CONCAT('%','${realName}','%')
            </if>
            <if test="collage != null and collage != ''">
               AND collage = #{collage}
            </if>
            <if test="classId != null and classId != ''">
               AND class_id = #{classId}
            </if>
        </where>
        <if test="start != null and size != null">
            limit #{start} ,#{size}
        </if>
    </select>

    <select id="getTotal" parameterType="Map"  resultType="Long">

          SELECT COUNT(*) FROM tb_user
          <where>
              <if test="username != null and username != 0">
                  and username = #{username}
              </if>
			<if test="realName != null and realName != ''">
               AND real_name like CONCAT('%','${realName}','%')
			</if>
			<if test="collage != null and collage != ''">
				AND collage = #{collage}
			</if>
			<if test="classId != null and classId != ''">
				AND class_id = #{classId}
			</if>
          </where>
    </select>

	<!-- 添加用户信息 -->
    <insert id="add" parameterType="com.nuc.model.UserEntity">
        insert into tb_user(user_id, username, password, real_name, sex, card_id, collage, major, class_id, address, email) 
        values(null, #{username}, #{password}, #{realName}, #{sex}, #{cardId}, #{collage}, #{major}, #{classId}, #{address}, #{email})
    </insert>

	<!-- 修改用户信息 -->
    <update id="update" parameterType="com.nuc.model.UserEntity">
        update tb_user
        <set>
            <if test="username != null and username != '' ">
                username = #{username},
            </if>
            <if test="password !=null and password != '' ">
                password = #{password},
            </if>
            <if test="realName != null and realName != '' ">
                real_name = #{realName},
            </if>
            <if test="sex != null and sex != '' ">
                sex = #{sex},
            </if>
            <if test="cardId != null and cardId != '' ">
                card_id = #{cardId},
            </if>
            <if test="collage != null and collage != '' ">
                collage = #{collage},
            </if>
            <if test="major != null and major != '' ">
                major = #{major},
            </if>
            <if test="classId != null and classId != '' ">
                class_id = #{classId},
            </if>
            <if test="address != null and address != '' ">
                address = #{address},
            </if>
            <if test="email != null and email != '' ">
                email = #{email},
            </if>
        </set>
        where user_id = #{userId}
    </update>

    <delete id="delete" parameterType="String">
        delete from tb_user where user_id=#{userId}
    </delete>
    
    <!-- 获取专业列表 -->
    <select id="getCollageList" parameterType="Map" resultMap="UserResult">
    	select collage from tb_user group by collage
    </select>

	<!-- 获取班级列表 -->
    <select id="getClassIdList" parameterType="Map" resultMap="UserResult">
    	select class_id from tb_user group by class_id
    </select>
    
    <!-- desc 获取教师信息通过学生ID -->
    <select id="getTeacherInfoByStudentId" parameterType="String" resultMap="UserResult">
    	select tb_user.user_id user_id, username, password, real_name, sex, card_id, collage, major, class_id, address, email 
		from tb_user, tb_role, tb_user_role 
		where tb_user.user_id = tb_user_role.user_id and tb_role.role_id = tb_user_role.role_id
		and tb_user.class_id = #{classId} and tb_role.role_name='教师'
    </select>
    
    <!-- desc 获取教师信息通过学生ID -->
    <select id="getUserInfoByRoleName" parameterType="Map" resultMap="UserResult">
    	select tb_user.user_id user_id, username, password, real_name, sex, card_id, collage, major, class_id, address, email 
		from tb_user, tb_role, tb_user_role 
		where tb_user.user_id = tb_user_role.user_id and tb_role.role_id = tb_user_role.role_id
		and tb_role.role_name= #{roleName}
    </select>
    
    <!-- 批量导入用户信息数据 -->
    <update id="uploadDate" parameterType="String">
    	LOAD DATA INFILE #{filePath} 
		INTO TABLE tb_user  
		FIELDS TERMINATED BY ',' OPTIONALLY ENCLOSED BY '"' ESCAPED BY '"'
		LINES TERMINATED BY '\r' 
		(user_id, username, password, real_name, sex, card_id, collage, major, class_id, address, email)
    </update>
    
    <!-- 批量导入用户信息数据 -->
    <update id="uploadDateRole" parameterType="String">
    	LOAD DATA INFILE #{filePath} 
		INTO TABLE tb_user_role  
		FIELDS TERMINATED BY ',' OPTIONALLY ENCLOSED BY '"' ESCAPED BY '"'
		LINES TERMINATED BY '\r' 
		(user_id, role_id)
    </update>
    
    
</mapper>